INSERT INTO Staff
VALUES (123456789,'Bob','Ross',60000,'2019-01-03',NULL,'731 Fondren, Houston, TX'),
(234567891,'Jane','	Parker',75000,'2005-02-03','2012-05-06','638 Voss, Houston, TX'),
(345678912,'Kate','Smith',120000,'2009-05-01',NULL,'5631 Rice, Houston, TX'),
(456789123,'Ramesh','Karan',38000,'2012-09-15',NULL,'456 Fire Oak, Humble, TX'),
(567891234,'James','Borg',40000,'2018-04-01',NULL,'123 Stone, Houston, TX'),
(678912345,'Katherine','Wallace',55000,'2006-05-03','2010-09-12','678 Berry, Bellaire, TX'),
(789123456,'Ahmad','Jabbar',43000,'2017-03-15',NULL,'4456 Dallas, Houston, TX'),
(891234567,'Alicia','Keys',60000,'2016-07-05',NULL,'987 Castle, Spring, TX'),
(912345678,'Paul','Battle',90000,'2016-06-01',NULL,'234 Waterview, Houston, TX'),
(987654321,'Angel','Garcia',45000,'2019-02-03',NULL,'6758 Spring Valley, Houston, TX');

INSERT INTO Artist
VALUES (111111111,'Gustave Courbet',NULL,NULL,'1819-01-02','France'),
(222222222,'Andre Derain',NULL,NULL,'1880-04-05','France'),
(333333333,'Rogier van der Weyden',NULL,NULL,'1399-08-13','Germany'),
(444444444,'Gustave Caillebotte',NULL,NULL,'1848-06-09','France'),
(555555555,'Jackson Pollock','978-998-7654','pollock@gmail.com','1912-05-09','America'),
(666666666,'Cindy Sherman','675-098-2453','cSherman@gmail.com','1954-09-07','America'),
(777777777,'Annie Leibovitz','549-987-2537','annieL@att.net','1949-07-03','America'),
(888888888,'Marsden Hartley',NULL,NULL,'1877-03-05','America'),
(999999999,'Georgia O''Keefe','678-342-6678','georgiaO@verizon.net','1887-03-04','America'),
(123456789,'John Singer Sargent',NULL,NULL,'1856-04-03','Italy'),
(987654321,'Sir Joshua Reynolds',NULL,NULL,'1723-08-15','England'),
(900000001,'Paul Cezanne',NULL,NULL,'1839-09-14','France'),
(900000002,'Master of the Berlin Triptych',NULL,NULL,'1325-05-03','France'),
(900000003,'Master of Langa',NULL,NULL,'1425-06-01','Spain'),
(900000004,'Antoniazzo Romano',NULL,NULL,'1430-09-19','Italy'),
(900000005,'Bartolomeo Cavarozzi',NULL,NULL,'1590-12-03','Italy'),
(900000006,'Carla Williams','978-908-2367','cwilliams@att.net','1965-04-23','America'),
(900000007,'Georgy Zelma',NULL,NULL,'1925-04-06','Russia'),
(900000008,'Robert Mapplethorpe','567-987-1425','robertMT@gmail.com','1988-06-07','America');

INSERT INTO Exhibit
VALUES (100000000,'Landscapes of Europe','2006-02-01','2006-08-01'),
(100000001,'Modern Masterpieces','2010-02-02','2010-08-02'),
(100000002,'Impressionism in Full','2018-04-05','2018-09-05'),
(100000003,'America 1900-1930','2012-03-01','2012-09-01'),
(100000004,'Art of the Sacred','2019-01-01','2019-04-01'),
(100000005,'Portraiture','2015-06-01','2015-12-02'),
(100000006,'Choreograhic Objects','2019-01-03','2019-09-15'),
(100000007,'Van Gogh Life in Art','2019-03-10','2019-05-27'),
(100000008,'Odyssey','2019-03-03','2019-05-27'),
(100000009,'Tudors to Windsors','2018-10-07','2019-01-27'),
(100000010,'Garden Paradise','2018-11-02','2019-03-01'),
(100000011,'Storage',NULL,NULL);

INSERT INTO Item
VALUES (111112222,111111111,'The Gust of Wind','Landscape','1865','2002-05-04','Oil on canvas','Beck',34000),
(111113333,222222222,'The Turning Road','Landscape','1906','1974-05-05','Oil on canvas','Beck',25000),
(111114444,333333333,'Virgin and Child','Religious portrait','1454','1944-05-06','Oil on wood','Beck',160000),
(111115555,444444444,'The Orange Trees','Impressionist','1878','1998-05-07','Oil on canvas','Beck',140000),
(111116666,444444444,'Mademioiselle Knitting','Impressionist','1877','1998-05-08','Oil on canvas','Beck',145000),
(111117777,555555555,'Composition with Figures and Banners','Abstract Expressionist','1934','1996-05-09','Oil on canvas','Brown',250000),
(111118888,555555555,'Overall Composition','Abstract Expressionist','1934','1996-05-10','Oil on canvas','Brown',145000),
(111119999,666666666,'Untitled','Chromogenic','1982','1997-05-11','Photograph','Susman',90000),
(222221111,777777777,'Cindy Sherman','Gelatin','1992','1996-05-12','Photograph','Susman',200000),
(222222222,888888888,'Abstraction','Abstract','1914','1980-05-13','Oil on paperboard','Brown',79000),
(222223333,999999999,'Grey Lines with Black, Blue, and Yellow','Floral','1923','1977-05-14','Oil on canvas','Cullen',400000),
(222224444,123456789,'Mrs. Joshua Montgomery Sears','Portrait','1899','1980-05-15','Oil on canvas','Beck',350000),
(222225555,987654321,'Portrait of Mrs. Jelf Powis','Portrait','1777','1985-05-16','Oil on canvas','Beck',104000),
(222226666,900000001,'The Small Bathers','Impressionist','1896','1939-05-17','Lithograph on paper','Loan',98000),
(222227777,900000001,'Bottom of the Ravine','Impressionist','1879','1998-05-18','Oil on canvas','Loan',234000),
(222228888,900000001,'Madame Cezanne in Blue','Impressionist','1888','1947-05-01','Oil on canvas','Loan',300000),
(222229999,900000002,'Virgin and Child in Glory','Religious portrait','1325','1971-05-02','Ivory','Loan',43000),
(333331111,900000003,'Virgin and Child with Angels','Religious portrait','1430','1958-05-03','Tempera on wood','Loan',67000),
(333332222,900000004,'Virgin and Child with Donor','Religious portrait','1480','1944-05-19','Tempera on wood','Loan',120000),
(333333333,900000005,'Virgin and Child with Angels','Religious portrait','1620','1979-05-20','Oil on canvas','Loan',102000),
(333334444,900000006,'Untitled Self Portrait','Portrait','1995','2006-05-21','Gelatin print','Loan',35000),
(333335555,900000007,'Self Portrait','Portrait','1925','2002-05-22','Gelatin print','Loan',24000),
(333336666,900000008,'Self-portrait','Portrait','1988','2002-05-23','Gelatin print','Loan',234000);

INSERT INTO Display
VALUES (111112222,100000000),
(111113333,100000000),
(111114444,100000004),
(111115555,100000002),
(111116666,100000002),
(111117777,100000001),
(111118888,100000001),
(111119999,100000001),
(222221111,100000001),
(222222222,100000003),
(222223333,100000003),
(222224444,100000005),
(222225555,100000005),
(222226666,100000002),
(222227777,100000002),
(222228888,100000002),
(222229999,100000004),
(333331111,100000004),
(333332222,100000004),
(333333333,100000004),
(333334444,100000005),
(333335555,100000005),
(333336666,100000005),
(333334444,100000003),
(333335555,100000003),
(333336666,100000003);

INSERT INTO Exhibit_Staff
VALUES (100000002,123456789,'Impressionism in Full','Bob','Ross','Setup'),
(100000002,345678912,'Impressionism in Full','Kate','Smith','Public Relations'),
(100000002,456789123,'Impressionism in Full','Ramesh','Karan','Curator'),
(100000001,567891234,'Modern Masterpieces','James','Borg','Setup'),
(100000001,678912345,'Modern Masterpieces','Katherine','Wallace','Public Relations'),
(100000001,789123456,'Modern Masterpieces','Ahmad','Jabbar','Curator'),
(100000001,891234567,'Modern Masterpieces','Alicia','Keys','Registrar'),
(100000007,912345678,'Van Gogh Life in Art','Paul','Battle','Curator'),
(100000008,123456789,'Odyssey','Bob','Ross','Setup'),
(100000008,345678912,'Odyssey','Kate','Smith','Public Relations'),
(100000008,456789123,'Odyssey','Ramesh','Karan','Curator');

INSERT INTO Customer
VALUES (111111111,'Anthony','Gray','763-234-2234','523 Trenton St. 
Rochester, NY 14606','anthonyG@gmail.com'),
(111111112,'Max','Hill','879-039-2234','7740 South Adams Circle, Palm City, FL 34990','maxH@gmail.com'),
(111111113,'Stephen','Simpson','728-975-2536','8462 Purple Finch Court, Lindenhurst, NY 11757','stephenS@gmail.com'),
(111111114,'Victoria','Hunter','972-198-3467','9413 Columbia Street, San Antonio, TX 78213','victoriaH@gmail.com'),
(111111115,'Melanie','Nash','972-908-7654','7878 S. Circle Court, Chelmsford, MA 01824','melanieN@gmail.com'),
(111111116,'Diana','Clark','345-786-1983','6 Clinton Lane, Westport, CT 06880','dianaC@gmail.com'),
(111111117,'Jonathan','Campbell','876-938-2749','60 N. Wood Dr., Bangor, ME 04401','jonathanC@gmail.com'),
(111111118,'Melanie','Mathis','749-987-2436','9723 Santa Clara St., Anaheim, CA 92806','melanieM@gmail.com'),
(111111119,'Stephanie','Churchill','658-987-2567','79 Cross St., Apopka, FL 32703','stephanieC@gmail.com'),
(111111120,'Victor','Ball','876-345-1234','821 West Greystone Road, Phoenix, AZ 85021','victorB@gmail.com'),
(111111121,'Deirdre','Coleman','547-098-3547','8018 Del Monte Rd., Winston Salem, NC 27103','ddcoleman@gmail.com'),
(111111122,'Jack','	Cameron','678-345-1829','77 Ann St., Union City, NJ 07087','jackcameron@gmail.com');

INSERT INTO Ticket_Type
VALUES ('A',27.50,'Special Exhibit Only'),
('B',32.75,'General admission plus special exhibit'),
('C',15.00,'General admission only');

INSERT INTO Ticket
VALUES (200000001,111111111,'A','2019-01-02'),
(200000002,111111112,'B','2019-01-03'),
(200000003,111111113,'C','2019-01-04'),
(200000004,111111114,'A','2019-01-05'),
(200000005,111111115,'B','2019-01-06'),
(200000006,111111116,'C','2019-01-07'),
(200000007,111111117,'A','2019-01-08'),
(200000008,111111118,'B','2019-01-09'),
(200000009,111111119,'C','2019-01-10'),
(200000010,111111120,'C','2019-01-11'),
(200000011,111111121,'B','2019-01-12'),
(200000012,111111122,'A','2019-01-13');

INSERT INTO Dealer
VALUES (300000001,'Amy','Churchill','60 Rockaway St., Naugatuck, CT 06770','202-555-0193','amy.churchill@gmail.com'),
(300000002,'Nicola','Bond','9037 Del Monte Circle, Manitowoc, WI 54220','202-555-0114','nicola.bond@gmail.com'),
(300000003,'Ian','McDonald','10 Marshall St., Manchester, NH 03102','202-555-0100','ian.mcdonald@gmail.com'),
(300000004,'Andrew','White','809 Maple Court, Wayne, NJ 07470','202-555-0105','andrew.white@gmail.com'),
(300000005,'Molly','Duncan','653 Tower Ave., Austin, MN 55912','202-555-0119','molly.duncan@gmail.com'),
(300000006,'Alan','Powell','45 San Carlos St., Windsor Mill, MD 21244','202-555-0146','alan.powell@gmail.com'),
(300000007,'Owen','Avery','88 River Street, Lynnwood, WA 98037','309-124-3672','owen.avery@gmail.com'),
(300000008,'Robert','Dickens','689 Cobblestone Court, East Lansing, MI 48823','542-876-2345','robert.dickens@gmail.com'),
(300000009,'Andrea','Kelly','74 South Lake Forest St., Peabody, MA 01960','987-212-1234','andrea.kelly@gmail.com'),
(300000010,'Hannah','Sharp','463 W. Swanson St., Baldwin, NY 11510','765-987-3756','hannah.sharp@gmail.com');

INSERT INTO Invoice
VALUES (400000001,111112222,300000001,30600,3400,34000,'2002-05-04'),
(400000002,111113333,300000002,22500,2500,25000,'1974-05-05'),
(400000003,111114444,300000003,144000,16000,160000,'1944-05-06'),
(400000004,111115555,300000004,126000,14000,140000,'1998-05-07'),
(400000005,111116666,300000005,130500,14500,145000,'1998-05-08'),
(400000006,111117777,300000006,225000,25000,250000,'1996-05-09'),
(400000007,111118888,300000007,130500,14500,145000,'1996-05-10'),
(400000008,111119999,300000008,81000,9000,90000,'1997-05-11'),
(400000009,222221111,300000009,180000,20000,200000,'1996-05-12'),
(400000010,222222222,300000010,71100,7900,79000,'1980-05-13'),
(400000011,222223333,300000008,360000,40000,400000,'1977-05-14'),
(400000012,222224444,300000008,315000,35000,350000,'1980-05-15'),
(400000013,222225555,300000003,93600,10400,104000,'1985-05-16');

INSERT INTO Loan
VALUES (500000001,222226666,'1939-05-17','1939-08-15'),
(500000002,222227777,'1998-05-18','1998-08-16'),
(500000003,222228888,'1947-05-01','1947-07-30'),
(500000004,222229999,'1971-05-02','1971-07-31'),
(500000005,333331111,'1958-05-03','1958-08-01'),
(500000006,333332222,'1944-05-19','1944-08-17'),
(500000007,333333333,'1979-05-20','1979-08-18'),
(500000008,333334444,'2006-05-21','2006-08-19'),
(500000009,333335555,'2002-05-22','2002-08-20'),
(500000010,333336666,'2002-05-23','2002-08-21');
